url_path,views_total,views_unique
/Feel-ix-343/markdown-oxide,643,362
/Feel-ix-343/markdown-oxide/graphs/traffic,73,1
/Feel-ix-343/markdown-oxide/commits/main,67,8
/Feel-ix-343/markdown-oxide/issues,55,22
/Feel-ix-343/markdown-oxide/blob/main/vscode-extension/README.md,38,15
/Feel-ix-343/markdown-oxide/pulse,34,1
/Feel-ix-343/markdown-oxide/tree/main/src,27,9
/Feel-ix-343/markdown-oxide/discussions,20,7
/Feel-ix-343/markdown-oxide/tree/github-repo-stats/Feel-ix-343/markdown-oxide,20,1
/Feel-ix-343/markdown-oxide/releases/tag/v0.0.16,19,10
